text,rating,brand,reviewer,variant
"Recomended...bagus,nyaman di pake adem...walaupun size 32 nya agak kebesaran dikit",5,erigo,Anonim,Light Grey - 32
"Kualitas produk the best sih menurutku👍🏻👍🏻👍🏻
Bahannya nyaman gak tebel jg gak tipis bgt... Packing aman 💙💙💙 Sukses slalu seller ❤❤❤",5,erigo,Anonim,Light Grey - 34
Mantap erigo. Bahan keren bagus. Dateng cepet kualitas oke. Pas no 32 untuk gw BB 65. Sayangnya ga dapet stiker. Parah lu min pelit.,5,erigo,Anonim,Light Grey - 32
"Pesanan sudah di terima dengan baik, packing rapi dan aman, sudah 2x order disini... ukuran sesuai, warna sesuai pesanan, pengiriman by J&amp;T terbaik.... terima kasih seller dan toped",5,erigo,Anonim,36
"Syudah diterima, suka bngt
Bahannya bagus bngt 😍😍👍🏿👍🏿👍🏿👍🏿",5,erigo,Anonim,Light Grey - 36
"Barang original
Kualitas produk: Sangat baik, datang sesuai size, terimakasih",5,erigo,Anonim,30
Bahan Bagus Sudah Langganan &amp;Pesanan Yang Di Kirim Sesuai&amp;Pengiriman Cepat &amp;Makasih Tik-Tok Gratis Ongkirnya,5,erigo,Anonim,36
"Buat yang nyari harga mendang mending, rekomendasi beli disini, saya pikir ga akan kecewa, good job",5,erigo,Anonim,Light Grey - 36
"Baguuss bangeett nyaman dipakee adeemm bahaannyaa paass di badaann dh order 3x kaosnya celana 2x
Bahan nyaman dipakai
Ukuran pas
Warna sesuai ekspektasi
Pengiriman cepat",5,erigo,Anonim,Light Grey - 30
Nunggu restok leh di restokin lngsung co dong dapet hrga murah juga mksih min,5,erigo,Anonim,Light Grey - 30
belinkesekian kalinya barangnya oke thanks Erigo 👍👍👍 bb 65 cukup,5,erigo,Anonim,32
"modelnya slim fit. meskipun ukuran 38, buat yang BB 90, pahanya ngepres banget. kalau soal bahan sih ga ada soal",5,erigo,Revanska,38
Sudah biasaa erigo baguss lahh sama harganya pas beli murah karena promo wkwk,5,erigo,Anonim,28
"ukurannya pas dari lingkar pinggang sampe panjang kaki, gw sendiri ada di bb 70-71 tb 170",5,erigo,Anonim,36
"barang bagus, jahitan rapi, look very good, bahan adem bangettt",5,erigo,Anonim,34
Sesuai Pesanan  Tinggi badan 160 - 170 cm Berat badan 60 - 70 kg,5,erigo,Denny,34
Alhamdulillah celana sudah datang dalam kondisi baik.......Kualitas barang joss lah.... Ukuran juga pas sekali....Packing rapi.... Pengiriman cepat sampai,5,erigo,Anonim,32
Ukurannya pas Tinggi badan 171 - 180 cm Berat badan 60 - 70 kg,5,erigo,Rahman,34
Pembelian entah ke berapa kalinya. Selalu terbaekk! Sukses terus Erigo,5,erigo,Ramadhani,36
Bahan Bagus. Ukuran Sesuai Pesanan. Nyaman di Gunakan. Harga Ramah Kantong,5,erigo,Anang,40
Ukurannya pas Ukurannya terlalu kecil Ukurannya terlalu besar Tinggi badan &lt; 160 cm Tinggi badan 171 - 180 cm Tinggi badan 160 - 170 cm Tinggi badan &gt; 180 cm Berat badan &lt; 60 kg Berat badan 60 - 70 kg Berat badan 71 - 80 kg Berat badan &gt; 80 kg,5,erigo,Virgiawan,40
"mantap barang datang cepat pesen kemarin, besoknya sampai. barang realpict, keren, bagus, adem, santai dan terbaiklah pokonya 👍🏻.
pesen 38 kegedean pinggangnya huhu
but its okey no problem",5,erigo,Muhammad,38
"bahannya cukup, gak tipis. adem, dan sedikit stretchy. untuk kenyamanan masih nyaman.

ukuran sedikit longgar untuk lingkar pinggang 83cm, tapi takutnya kalau ambil uk. 32 kekecilan. untuk bagian kaki gak begitu slim fit sih, jd masih ada ruang gerak. tapi balik lagi ke preferensi. 

untuk jahitan overall terlihat masih kencang, tp beberapa ada yang keluar2 jadi kurang rapi. takut lepas2 aja sih. tapi untuk ritsletingnya baguss gak stuck sama sekali",5,erigo,Anonim,34
"Produk sesuai pesanan baik warna maupun ukuran,ada sedikit noda udah ditandain,mutunya standar erigo harga terjangkau tapi kualitasnya ngak murahannya..",5,erigo,Anonim,30
"Modelnya keren! Pas di badan, kain halus dan lentur..!!",5,erigo,Anonim,34
"pembelian ke sekian kali.
bahan tidak terlalu tebal tapi nyaman dipakai.
ukuran sesuai",5,erigo,Anonim,30
"oke mantappp joy, udah beli 2X, ukuran real (sesuai) 34 yah 34...",5,erigo,Anonim,34
Kualitas produk: Bahan nya sesuai harganya,5,erigo,Anonim,Light Grey - 34
pesanan mantap bagus dan Sangat sesuai pesanan,5,erigo,NB,30
Barang cepat sampai... Ke Sulawesi tenggara hanya 2 hari.. luar biasa.. barang kualitas OK... Sdh 2x pesan Disni dan sangat memuaskan,5,erigo,Anonim,Light Grey - 36
"Kayaknya ada perubahan sama kain kantongnya, pembelian pertama no 32 kain kantongnya berbulu, yg baru no 34 lebih halus kain kantongnya, mantap",5,erigo,Anonim,Light Grey - 34
Terima kasih erigo. Barang sudah sampai dengan sangat baik. Kayaknya bisa terus-terusan belanja disini. Bahannya lembut juga.,5,erigo,Anonim,Light Grey - 38
"bagus
Kualitas produk: bagus
cocok untuk ngantor
bahan strecy
nyaman dipakai
harga lumayan murah",5,erigo,Anonim,Light Grey - 30
"Alhamdulillah barangnya sudah sampai.. 
Sesuai dengan yg di foto.. Keren celananya.. 
Sudah 2 kali belanja di erigo tidak pernah mengecewakan.. 
Terimakasih bonusnya.. 
Respon dan Pengiriman cepat.. 
⭐⭐⭐⭐⭐",5,erigo,Anonim,Light Grey - 30
"Kualitas produk: Kualitas dan warna yg sesuai deskripsi.
Testimoni teman ukurannya cocok dan nyaman di pakai",5,erigo,Anonim,Light Grey - 34
"model oke, bahan oke, ukuran pas (kepanjangan sedikit)",5,erigo,Dimas,34
"Celana nya keren,,ukuran pas,,bahan nya juga bagus...",5,erigo,Anonim,Light Grey - 34
"Keren banget, udah 3 kali aku beli celana erigo bagus dan keren dan paketnya sudah saya Terima dengan baik pokoknya ok",5,erigo,Anonim,Light Grey - 28
"Sudah langganan dan ga pernah kecewa sama produk erigo👍
Sayang gadikasih stiker😁",5,erigo,Anonim,Light Grey - 28
"bahan bagus udah pesanan ke 2..
pengiriman lumayan lama yg ini..
tapo okelaaah tidak mengecewakan
👍🏻👍🏻👍🏻",5,erigo,Anonim,Light Grey - 36
"Pokonya produk celana Chino erigo...keren...udah banyak koleksi celana Chino erigo di rumah....selalu memuaskan.
Terima kasih.",5,erigo,Anonim,Light Grey - 30
"Terimakasih Erigo sudah bisa tukar size.
Dengan harga promo bisa dapat celana berkualitas, mari kita tunggu promo lainnya.",5,erigo,Anonim,Light Grey - 38
Memang celana erigo ini bagus x....bakalan pake celana erigo slalu,5,erigo,Anonim,Light Grey - 28
"Packing cukup aman dan rapi. Kali ini pengemasannya lamaaa bgt. Paket diterima sesuai pesanan, ukuran dan warnanya sesuai. Tinggi badan 180cm, berat badan 52k, cocok pakai size 30.
Agak longgar sedikit di pinggang tapi gpp.",4,erigo,Anonim,30
barang bagus tebal &amp; halus ukuran pas cuma pengiriman nya agak telat 1 hari gpp sihh.. cuma ini jahitan celana nya ada yg ga beres sikit nihh,4,erigo,Anonim,34
"Bagusss banget semuanya, pengiriman juga cepat",5,erigo,Anonim,Light Grey - 30
"Realpict, bagus sebenernya harga segitu worth it lah.. cuma sayang ukurannya kekecilan, ngpres banget size 30 di aku bb 55",3,erigo,Anonim,Light Grey - 30
"Bagus bagus semua sepannya, bahan halus, adem dan warna fresh. Kemasan rapi dan exclusive 👍",5,erigo,Anonim,Light Grey - 32
Sesuai gambar kualitas oke,5,erigo,Anonim,Light Grey - 34
"Ukurannya pas..sesuai pesanan harga diskon
pokokx puass...untuk semuax",5,erigo,Anonim,32
secara kualitas  bahan model celana dan kecepatan pengiriman ok. aku suka erigo gak diragukan lagi.,5,erigo,Nur,30
"Good quality, warna aslinya turun 1 level dri foto produk. Terimakasih",5,erigo,Septa,30
"alhamdulillah barang mendarat dengan selamat, bahan bagus, celananya bagus, suka pakainya, ini sudah order kesekian kalinya... recomended banget deh pokoknya.... 
parfumnya juga harum.... 
packing rapi, proses cepat.... 
all oke...",5,erigo,Irwan,38
"Bahan tebal, jahitan bagus, warnanya jg bagus...
Saya pakai 34 biasanya, karna ga yakin pesan 38, ga terlalu jauh kebesaran..",5,erigo,Anonim,38
"Barang keren, nyaman, sesuai ukuran dan pesanan. Fastrespon dan barang datang dengan kondisi aman. Thanks",5,erigo,Kharis,34
celananya lembut dan enak dipakai. pokoknya mantap,5,erigo,Indra,32
"Ga kecewa beli disini, adminnya gercep, pesanan juga sesuai, keren. Bahannya berkualitas, ga murahan. Kece abis. Cuma agak lama di pengiriman, but overall worth it. Besok beli lagi deh. Note: sesuai review yg laen, pesen 2 nomor diatas, kalo biasa 28 berarti pesen yang ukuran 30. Fit.",5,erigo,Anonim,30
"Pembelian kesekian kalinya celana chino dari erigo. selalu puas atas kualitas celananya. kain lembut nyaman dipake, size sesuai. pertahankan kualitas nya Erigo.",5,erigo,Anonim,32
"Pembelian kedua kalinya dari Erigo. Tinggi 175cm, berat badan 70-72kg memang dianjurkan beli ukuran 36, pas panjangnya dan enak di badan untuk slim fit tapi tidak mengetat. Bahannya stretch dan lembut. Quality Control baik, tidak ada cacat 👍🏻",5,erigo,Anonim,36
"RECOMMEND BGT...brngnya 👍
sdh 3x beli di ERIGO",5,erigo,David,36
Kualitas produk: Bahan bagus adem dan alus serta nyaman saat digunakan,5,erigo,Anonim,32
saku belakang terlalu dangkal,5,erigo,Muhammad,34
"Udah ke 2 kali nya beli Erigo, hanya beda bahan kalo yg ini seperti nya lebih adem ga bkn gerah. Di banding pembelian sblm nya untuk material nya yg ini saya lebih suka.",5,erigo,Anonim,32
"Ukuran pas untuk size 38 dan warna sesuai deskripsi produk grey, ukuran badan 85 dan tinggi badan 171 cm",5,erigo,Anonim,Light Grey - 38
Kualitas produk: Teramat bagus merk erigo emang GK bisa di tandingi keren bahanya tebal,5,erigo,Anonim,Light Grey - 38
"Pengemasan dan pengiriman nya super cepat, packaging nya rapi plus savety, kualitas barang nya worth it dengan harga barang nya",5,erigo,Anonim,Light Grey - 36
"Kualitas produk: Bagus, tapi kainnya agak beda dengan yang di toko offline",5,erigo,Anonim,40
"Kain tebel jaritan rapi pengiriman ok
Kualitas produk: Mantap bagus",5,erigo,Anonim,36
"Barang nya bagus sesuai sama yg di pesan, pokonya rekomendasi,yg belum beli buruan beli Ega bakalan nyesel,dengan harga terjangkau kualitas premium.
Next order lagi.",5,erigo,Anonim,Light Grey - 30
"Bagus..bahannya tebel,,jahitannya tebel.gak nyesel beli dsni.suamiku suka.next order lagi",5,erigo,Anonim,Light Grey - 38
"Bahannya sangat bagus, tebal dan nyaman di pakai, recomen lah",5,erigo,Anonim,Light Grey - 40
"Bahannya bagus, ukuran pas… thanks erigo",5,erigo,Rijki,30
Mantap barangnya tdk mengecewakan sesuai dengan gambar.. pengiriman jg sesuai dengan estimasi👍👍,5,erigo,Anonim,Light Grey - 34
"bahan lembut,sereting mantap,ade kancing di bgian dlam sereting, ok beli lagi",5,erigo,Anonim,Light Grey - 32
Ternyata klo di aku jeans erigo 32 tp klo bahan katun harus 34 .. ok fix cocok bgt nice,5,erigo,Anonim,Light Grey - 34
"Bahannya alus, jahitan rapi, wortit... Tks erigoooooo",5,erigo,Anonim,Light Grey - 32
"Alhamdulillah barang dateng sesuai dg pesanan
Overall very very uapikk
Terimakasih sudah mengirimkan barang sesuai dg pesanan saya dikala banyaknya problem barang datang tdk sesuai pesanan",5,erigo,Anonim,Light Grey - 34
"sy suka . celananya pas ... bhnnya bagus ,halus.puas deh",5,erigo,Anonim,Light Grey - 30
"Dapet di harga 86k okelah untk hrga segitu...
Gak tebel gak tipis ccok untuk shari²",5,erigo,Anonim,Light Grey - 32
"Barang ORI, bagus banget, bahan halus ukuran pas",5,erigo,Anonim,Light Grey - 32
Ukurannya pas Tinggi badan 160 - 170 cm,5,erigo,Bayu,38
"Sangat bagus
Bahan ok",5,erigo,Anonim,34
"selalu  mantap barang nya bro, originale",5,erigo,Dedy,40
Kualitas produk: Bahan nyaman di pakai kwalitas cukup bagus... Harga murmer... Pokok ny jng ragu sesuai Live .. Amanah,5,erigo,Anonim,34
"Chino uk. 36 utk bb 75 paha besar, muat &amp; pas",5,erigo,Anonim,Light Grey - 36
"Celananya bagus warnanya sesuai pesanan,jahitan rapi pengiriman cepat",5,erigo,Anonim,38
"Sesuai pesenan cuma memang pengiriman lama dan proses packingnya juga
Tp semuanya oke lah",5,erigo,Anonim,Light Grey - 32
"Untuk barang sesuai deskripsi pengirman juga cepat, gk pernah mengecewakan produk Erigo, next bakal order lagi",5,erigo,Anonim,32
Pengiriman cepat toko amanah mantap rekomen kurir mantap,5,erigo,Anonim,32
Bahan oke mantap,5,erigo,Anonim,Light Grey - 34
"Alhamdulillah barang sudah sampai pengiriman cepat
Kualitas produk: Real pick sesuai pesanan",5,erigo,Anonim,30
"Beli celana ukuran 32 , yang Dateng  pas di ukur pake penggaris ukuran 34 . alhasil jadi kebesaran . Untuk bahanya sih ok , cuma ada sedikit benang yg lepas di saku celana.",4,erigo,Anonim,32
"Rekomendasi banget buat kalian ErigoCinos. 
Tiktok shop mantap",5,erigo,Anonim,Light Grey - 36
Ok bangett bagus pokonya👌🏻👌🏻👍🏻👍🏻,5,erigo,Anonim,Light Grey - 36
"Parah lu min yang lain mah dapet stiker , kok gua ngga sihhhhh

Tapiii barang sesuaii sih mantap baguss",5,erigo,Anonim,38
"Barang sudah sampe dengan aman
Barang bagus sesuai 👍",5,erigo,Anonim,30
Celana original dari Official ERIGO bahan adem,5,erigo,Anonim,32
"modelnya bagus, warnanya cakep banget, pas dibadan udh 2kali beli ga pernah mengecewakan.",5,erigo,Wulan,32
"BB 73 TB 160... Besar ..
pagi yg suka ngpress silahkan pilih dibawah 36",5,erigo,Anonim,36
"barangnya bagus, kainnya lumayan tipis, ukuran ke kaki lumayan panjang utk tinggi badan 178cm, tapi lumayan nge press di kaki",5,erigo,Anonim,30
